Workbook

Sheet mapping_overview
A1: Variable | C1: GHG Emissions (average kg CO2 / household) | D1: 0000 | E1: 0100 | F1: 0200 | G1: 0204 | H1: 0230 | I1: 0300 | J1: 0310 | K1: 0320 | L1: 1000 | M1: 2000 | N1: 3000 | O1: 3100 | P1: 3200 | Q1: 3300 | R1: 3310 | S1: 3400 | T1: 3430 | U1: 3500 | V1: 3540 | W1: 3600 | X1: 3610 | Y1: 3620 | Z1: 3630 | AA1: 3700 | AB1: 3800 | AC1: 3830 | AD1: 3900 | AE1: 4000 | AF1: 4100 | AG1: 4200 | AH1: 4300 | AI1: 5000 | AJ1: 5100 | AK1: 5140 | AL1: 5200 | AM1: 5300 | AN1: 6000 | AO1: 6100 | AP1: 6200 | AQ1: 6300 | AR1: 7000 | AS1: 7100 | AT1: 7130 | AU1: 7200 | AV1: 7300 | AW1: 7330 | AX1: 8000 | AY1: 8100 | AZ1: 8200 | BA1: 9900
D2: Persoonlijke verzorging, ongespecificeerd | E2: In bed | F2: Eten, ongespecificeerd | G2: Eten, ongespecificeerd - werk / school (kantine) | H2: Iets drinken, ongespecificeerd | I2: Overige persoonlijke verzorging, ongespecificeerd ("verzorgen") | J2: Wassen en aankleden, ongespecificeerd | K2: Medische verzorging | L2: Betaald werk | M2: Studie | N2: Huishouden en zorg voor gezin, ongespecificeerd | O2: Eten bereiden, ongespecificeerd | P2: Huishouden, schoonmaken, ongespecificeerd | Q2: Kleding fabricage en onderhoud, ongespecificeerd | R2: Kleren wassen, was ophangen, was opbergen, wasserette, in droger | S2: Tuinieren en zorg voor dieren, ongespecificeerd | T2: Huisdieren verzorgen (poes, hamster, vis, hond) & Hond uitlaten | U2: Doe het zelf en onderhoud, ongespecificeerd (klussen in huis) | V2: Onderhoud en reparatie, van vervoersmiddelen, ongespecificeerd | W2: Winkels en diensten, ongespecificeerd | X2: Boodschappen, winkelen, ongespecificeerd | Y2: Commerciele en administratieve diensten, ongespecificeerd | Z2: Persoonlijke diensten, ongespecificeerd | AA2: Huishouden organisatie, ongespecificeerd | AB2: Zorg voor kinderen, ongespecificeerd | AC2: Voorlezen, spelen en praten met kind | AD2: Zorg voor volwassenen ongespecificeerd | AE2: Vrijwilligerswerk, hulp, vergaderingen en religie, ongespecificeerd | AF2: Vrijwilligerswerk voor/in een organisatie, ongespecificeerd | AG2: Hulp in ander huishouden | AH2: Participatorische activiteiten, ongespecificeerd | AI2: Sociaal leven en vermaak, ongespecificeerd | AJ2: Sociaal leven, ongespecificeerd | AK2: Telefoon, ongespecificeerd | AL2: Vermaak en cultuur, ongespecificeerd | AM2: Uitrusten | AN2: Sport en lichaamsbeweging, ongespecificeerd | AO2: Actieve vrijetijdsbesteding, ongespecificeerd | AP2: Actieve productieve activiteiten, ongespecificeerd | AQ2: Sport gerelateerde activiteiten | AR2: Hobby en computeren, ongespecificeerd | AS2: Kunst, amateurkunst en hobbies, ongespecificeerd | AT2: Correspondentie | AU2: Computeren, ongespecificeerd | AV2: Spelletjes, games, ongespecificeerd | AW2: Computer spelen, games | AX2: Massa media, ongespecificeerd | AY2: Lezen, ongespecificeerd | AZ2: Audiovisueel media, ongespecificeerd | BA2: Overig
A3: BOBEST011100H | B3: Brood en granen | C3: =emissions!B2 -> 0 | D3: 1 | F3: 1 | N3: 1 | AB3: 1
A4: BOBEST011110H | B4: Rijst | C4: =emissions!B3 -> 0 | D4: 1 | F4: 1 | N4: 1 | AB4: 1
A5: BOBEST011170H | B5: Ontbijtgranen | C5: =emissions!B4 -> 0 | D5: 1 | F5: 1 | N5: 1 | AB5: 1
A6: BOBEST011200H | B6: Vlees | C6: =emissions!B5 -> 0 | D6: 1 | F6: 1 | N6: 1 | AB6: 1
A7: BOBEST011210H | B7: Rund- en kalfsvlees | C7: =emissions!B6 -> 0 | D7: 1 | F7: 1 | N7: 1 | AB7: 1
A8: BOBEST011220H | B8: Varkensvlees | C8: =emissions!B7 -> 0 | D8: 1 | F8: 1 | N8: 1 | AB8: 1
A9: BOBEST011240H | B9: Pluimveevlees | C9: =emissions!B8 -> 0 | D9: 1 | F9: 1 | N9: 1 | AB9: 1
A10: BOBEST011300H | B10: Vis en schaal- en schelpdieren | C10: =emissions!B9 -> 0 | D10: 1 | F10: 1 | N10: 1 | AB10: 1
A11: BOBEST011400H | B11: Melk, kaas en eieren | C11: =emissions!B10 -> 0 | D11: 1 | F11: 1 | N11: 1 | AB11: 1
A12: BOBEST011410H | B12: Verse volle melk | C12: =emissions!B11 -> 0 | D12: 1 | F12: 1 | N12: 1 | AB12: 1
A13: BOBEST011420H | B13: Verse halfvolle en magere melk | C13: =emissions!B12 -> 0 | D13: 1 | F13: 1 | N13: 1 | AB13: 1
A14: BOBEST011430H | B14: Houdbare melk | C14: =emissions!B13 -> 0 | D14: 1 | F14: 1 | N14: 1 | AB14: 1
... A19: BOBEST011900H | B19: Voedingsmiddelen niet elders genoemd | C19: =emissions!B18 -> 0 | D19: 1 | F19: 1 | N19: 1 | AB19: 1
A20: BOBEST012110H | B20: Koffie | C20: =emissions!B19 -> 0 | D20: 1 | F20: 1 | H20: 1 | N20: 1 | AB20: 1
A21: BOBEST012120H | B21: Thee | C21: =emissions!B20 -> 0 | D21: 1 | F21: 1 | H21: 1 | N21: 1 | AB21: 1
A22: BOBEST012130H | B22: Cacao en chocolade in poedervorm | C22: =emissions!B21 -> 0 | D22: 1 | F22: 1 | H22: 1 | N22: 1 | AB22: 1
A23: BOBEST012210H | B23: Mineraalwater of bronwater | C23: =emissions!B22 -> 0 | D23: 1 | F23: 1 | H23: 1 | N23: 1 | AB23: 1
A24: BOBEST012220H | B24: Frisdranken | C24: =emissions!B23 -> 0 | D24: 1 | F24: 1 | H24: 1 | N24: 1 | AB24: 1
A25: BOBEST012230H | B25: Vruchten- en groentesappen | C25: =emissions!B24 -> 0 | D25: 1 | F25: 1 | H25: 1 | N25: 1 | AB25: 1
A26: BOBEST021100H | B26: Gedistilleerde dranken | C26: =emissions!B25 -> 0 | D26: 1 | F26: 1 | H26: 1
A27: BOBEST021200H | B27: Wijn | C27: =emissions!B26 -> 0 | D27: 1 | F27: 1 | H27: 1
A28: BOBEST021300H | B28: Bier | C28: =emissions!B27 -> 0 | D28: 1 | F28: 1 | H28: 1
A29: BOBEST022000H | B29: Tabak | C29: =emissions!B28 -> 0 | D29: 1 | F29: 1 | H29: 1 | I29: 1 | J29: 1 | K29: 1 | N29: 1 | O29: 1 | P29: 1 | Q29: 1 | R29: 1 | S29: 1 | T29: 1 | U29: 1 | V29: 1 | W29: 1 | X29: 1 | Y29: 1 | Z29: 1 | AA29: 1 | AB29: 1 | AC29: 1 | AD29: 1 | AE29: 1 | AF29: 1 | AG29: 1 | AH29: 1 | AI29: 1 | AJ29: 1 | AK29: 1 | AL29: 1 | AM29: 1 | AN29: 1 | AP29: 1 | AR29: 1 | AS29: 1 | AT29: 1 | AU29: 1 | AV29: 1 | AW29: 1 | AX29: 1 | AY29: 1 | AZ29: 1 | BA29: 1
A30: BOBEST023000H | B30: Verdovende middelen | C30: =emissions!B29 -> 0 | D30: 1 | F30: 1
A31: BOBEST031100H | B31: Kledingstoffen | C31: =emissions!B30 -> 0 | N31: 1 | Q31: 1
A32: BOBEST031200H | B32: Kleding | C32: =emissions!B31 -> 0 | D32: 1 | J32: 1
A33: BOBEST031300H | B33: Overige kledingartikelen en toebehoren | C33: =emissions!B32 -> 0 | D33: 1 | J33: 1 | N33: 1 | Q33: 1
A34: BOBEST031400H | B34: Stomen en reparatie van kleding | C34: =emissions!B33 -> 0 | N34: 1 | Q34: 1 | W34: 1 | X34: 1
A35: BOBEST032100H | B35: Schoenen en ander schoeisel | C35: =emissions!B34 -> 0 | D35: 1 | J35: 1
A36: BOBEST032200H | B36: Reparatie en verhuur van schoenen | C36: =emissions!B35 -> 0 | N36: 1 | Q36: 1 | W36: 1 | X36: 1
A37: BOBEST041100H | B37: Werkelijke woninghuur betaald door huurders | C37: =emissions!B36 -> 0
A38: BOBEST041200H | B38: Overige werkelijke woninghuur | C38: =emissions!B37 -> 0
A39: BOBEST042100H | B39: Toegerekende huur eigen woning | C39: =emissions!B38 -> 0
A40: BOBEST042200H | B40: Overige toegerekende huur | C40: =emissions!B39 -> 0
A41: BOBEST043100H | B41: Onderhoudsmaterialen voor de woning | C41: =emissions!B40 -> 0 | N41: 1 | U41: 1
A42: BOBEST043200H | B42: Onderhoudsdiensten voor de woning | C42: =emissions!B41 -> 0 | N42: 1 | U42: 1
A43: BOBEST044100H | B43: Watervoorziening | C43: =emissions!B42 -> 0 | D43: 1 | I43: 1 | J43: 1 | K43: 1 | N43: 1 | O43: 1 | P43: 1 | Q43: 1 | R43: 1 | S43: 1 | T43: 1 | U43: 1 | V43: 1 | AB43: 1 | AD43: 1
A44: BOBEST044200H | B44: Ophalen van huisvuil | C44: =emissions!B43 -> 0
A45: BOBEST044300H | B45: Riolering | C45: =emissions!B44 -> 0
A46: BOBEST044400H | B46: Overige kosten van woningvoorziening | C46: =emissions!B45 -> 0
A47: BOBEST045100H | B47: Elektriciteit | C47: =emissions!B46 -> 0 | I47: 1 | J47: 1 | N47: 1 | O47: 1 | P47: 1 | Q47: 1 | R47: 1 | S47: 1 | U47: 1 | V47: 1 | AA47: 1 | AB47: 1 | AD47: 1 | AK47: 1 | AU47: 1 | AW47: 1 | AZ47: 1
A48: BOBEST045200H | B48: Gas | C48: =emissions!B47 -> 0 | I48: 1 | J48: 1 | N48: 1 | O48: 1 | P48: 1 | AB48: 1 | AD48: 1
A49: BOBEST045300H | B49: Vloeibare brandstoffen | C49: =emissions!B48 -> 0
A50: BOBEST045400H | B50: Vaste brandstoffen | C50: =emissions!B49 -> 0
A51: BOBEST051100H | B51: Meubelen, stoffering en decoratie | C51: =emissions!B50 -> 0
A52: BOBEST051200H | B52: Vloerbedekking | C52: =emissions!B51 -> 0
A53: BOBEST051230H | B53: Diensten voor het leggen van vloerbedekking | C53: =emissions!B52 -> 0 | N53: 1 | U53: 1
A54: BOBEST051300H | B54: Reparatie van meubelen en dergelijke | C54: =emissions!B53 -> 0 | N54: 1 | U54: 1
A55: BOBEST052000H | B55: Huishoudtextiel | C55: =emissions!B54 -> 0
A56: BOBEST052040H | B56: Reparatie van huishoudtextiel | C56: =emissions!B55 -> 0 | N56: 1 | Q56: 1 | R56: 1
A57: BOBEST053100H | B57: Grote huishoudelijke apparaten | C57: =emissions!B56 -> 0 | N57: 1 | O57: 1 | P57: 1 | Q57: 1 | R57: 1 | S57: 1 | T57: 1
A58: BOBEST053200H | B58: Kleine elektrische huishoudelijke apparaten | C58: =emissions!B57 -> 0 | N58: 1 | O58: 1 | P58: 1 | Q58: 1 | R58: 1 | S58: 1 | T58: 1
A59: BOBEST053300H | B59: Reparatie van huishoudelijke apparaten | C59: =emissions!B58 -> 0 | N59: 1 | S59: 1 | U59: 1 | V59: 1
A60: BOBEST054000H | B60: Glas, servies en huishoudelijke artikelen | C60: =emissions!B59 -> 0 | D60: 1 | F60: 1 | H60: 1 | N60: 1 | O60: 1 | P60: 1 | Q60: 1 | R60: 1 | W60: 1 | X60: 1 | Y60: 1 | Z60: 1 | AA60: 1 | AB60: 1 | AC60: 1 | AD60: 1
A61: BOBEST055100H | B61: Grote gereedschappen | C61: =emissions!B60 -> 0 | N61: 1 | O61: 1 | P61: 1 | Q61: 1 | R61: 1 | S61: 1 | U61: 1 | V61: 1
A62: BOBEST055200H | B62: Kleine gereedschappen | C62: =emissions!B61 -> 0 | N62: 1 | O62: 1 | P62: 1 | Q62: 1 | R62: 1 | S62: 1 | U62: 1 | V62: 1
A63: BOBEST055230H | B63: Reparatie van kleine handgereedschappen en toebehoren | C63: =emissions!B62 -> 0 | N63: 1 | U63: 1 | V63: 1
A64: BOBEST056100H | B64: Niet-duurzame huishoudproducten | C64: =emissions!B63 -> 0 | N64: 1 | O64: 1 | P64: 1 | Q64: 1 | R64: 1 | S64: 1 | T64: 1 | U64: 1 | V64: 1
A65: BOBEST056200H | B65: Huishoudelijke diensten | C65: =emissions!B64 -> 0 | N65: 1 | O65: 1 | P65: 1 | Q65: 1 | R65: 1 | S65: 1 | T65: 1 | U65: 1 | V65: 1 | W65: 1 | X65: 1 | Y65: 1 | Z65: 1 | AA65: 1 | AB65: 1 | AC65: 1 | AD65: 1
A66: BOBEST056230H | B66: Huur van meubelen en stoffering | C66: =emissions!B65 -> 0
A67: BOBEST061100H | B67: Farmaceutische producten | C67: =emissions!B66 -> 0 | D67: 1 | K67: 1 | N67: 1 | W67: 1 | Z67: 1 | AB67: 1 | AD67: 1
A68: BOBEST061200H | B68: Overige medische producten | C68: =emissions!B67 -> 0 | D68: 1 | K68: 1 | N68: 1 | W68: 1 | Z68: 1 | AB68: 1 | AD68: 1
A69: BOBEST061300H | B69: Therapeutische apparaten | C69: =emissions!B68 -> 0 | D69: 1 | K69: 1 | N69: 1 | W69: 1 | Z69: 1 | AB69: 1 | AD69: 1
A70: BOBEST061330H | B70: Reparatie van therapeutische apparaten | C70: =emissions!B69 -> 0 | D70: 1 | K70: 1 | N70: 1 | W70: 1 | Z70: 1 | AB70: 1 | AD70: 1
A71: BOBEST062100H | B71: Diensten van artsen en paramedici | C71: =emissions!B70 -> 0 | N71: 1 | AB71: 1
A72: BOBEST062200H | B72: Diensten van tandartsen | C72: =emissions!B71 -> 0 | N72: 1 | AB72: 1
A73: BOBEST062300H | B73: Diensten van paramedici | C73: =emissions!B72 -> 0 | N73: 1 | AB73: 1
A74: BOBEST062310H | B74: Diensten van medische-analyselaboratoria en doorlichtingscentra | C74: =emissions!B73 -> 0 | N74: 1 | AB74: 1
A75: BOBEST063000H | B75: Diensten van ziekenhuizen | C75: =emissions!B74 -> 0 | N75: 1 | AB75: 1
A76: BOBEST071100H | B76: Auto's | C76: =emissions!B75 -> 0
A77: BOBEST071200H | B77: Motoren, brom- en elektrische fietsen | C77: =emissions!B76 -> 0
A78: BOBEST071300H | B78: Fietsen | C78: =emissions!B77 -> 0
A79: BOBEST071400H | B79: Door dieren getrokken voertuigen | C79: =emissions!B78 -> 0
A80: BOBEST072100H | B80: Benodigdheden privé-voertuigen | C80: =emissions!B79 -> 0
A81: BOBEST072200H | B81: Brandstoffen en smeermiddelen | C81: =emissions!B80 -> 0
A82: BOBEST072300H | B82: Onderhoud en reparatie privé-voertuigen | C82: =emissions!B81 -> 0 | N82: 1 | V82: 1 | W82: 1 | Y82: 1
A83: BOBEST072400H | B83: Overige diensten privé-voertuigen | C83: =emissions!B82 -> 0 | N83: 1 | W83: 1 | Y83: 1
A84: BOBEST073100H | B84: Personenvervoer per spoor | C84: =emissions!B83 -> 0
A85: BOBEST073200H | B85: Personenvervoer over de weg | C85: =emissions!B84 -> 0
A86: BOBEST073300H | B86: Personenvervoer door de lucht | C86: =emissions!B85 -> 0
A87: BOBEST073400H | B87: Personenvervoer over water | C87: =emissions!B86 -> 0
A88: BOBEST073500H | B88: Gecombineerd personenvervoer | C88: =emissions!B87 -> 0
A89: BOBEST073600H | B89: Overige aankopen van vervoersdiensten | C89: =emissions!B88 -> 0
A90: BOBEST081000H | B90: Post- en pakketdiensten | C90: =emissions!B89 -> 0 | AR90: 1 | AT90: 1
A91: BOBEST082010H | B91: Vaste telefoontoestellen | C91: =emissions!B90 -> 0 | N91: 1 | AA91: 1 | AI91: 1 | AK91: 1
A92: BOBEST082020H | B92: Mobiele telefoons | C92: =emissions!B91 -> 0 | N92: 1 | AA92: 1 | AI92: 1 | AK92: 1 | AR92: 1 | AU92: 1 | AX92: 1 | AZ92: 1
A93: BOBEST082030H | B93: Overige telefoonapparatuur | C93: =emissions!B92 -> 0 | N93: 1 | AA93: 1 | AI93: 1 | AK93: 1
A94: BOBEST083010H | B94: Vaste telefoondiensten | C94: =emissions!B93 -> 0 | AI94: 1 | AK94: 1
A95: BOBEST083020H | B95: Mobiele telefoondiensten | C95: =emissions!B94 -> 0 | AA95: 1 | AI95: 1 | AK95: 1
A96: BOBEST083030H | B96: Verlenen van toegang tot internet | C96: =emissions!B95 -> 0 | AA96: 1 | AI96: 1 | AK96: 1 | AR96: 1 | AU96: 1 | AW96: 1
A97: BOBEST083040H | B97: Gebundelde communicatiediensten | C97: =emissions!B96 -> 0 | AA97: 1 | AI97: 1 | AK97: 1 | AR97: 1 | AU97: 1 | AW97: 1 | AX97: 1 | AZ97: 1
A98: BOBEST083050H | B98: Overige diensten voor de transmissie van informatie | C98: =emissions!B97 -> 0 | AA98: 1 | AI98: 1 | AK98: 1 | AR98: 1 | AU98: 1 | AW98: 1 | AX98: 1 | AZ98: 1
A99: BOBEST091100H | B99: TV, audio- en video-apparatuur | C99: =emissions!B98 -> 0 | AR99: 1 | AW99: 1 | AX99: 1 | AZ99: 1
A100: BOBEST091200H | B100: Foto-, film- en optische apparatuur | C100: =emissions!B99 -> 0 | AR100: 1 | AW100: 1 | AX100: 1 | AZ100: 1
A101: BOBEST091300H | B101: Gegevensverwerkende apparatuur | C101: =emissions!B100 -> 0 | M101: 1 | AA101: 1 | AI101: 1 | AK101: 1 | AR101: 1 | AU101: 1 | AW101: 1 | AX101: 1 | AZ101: 1
A102: BOBEST091330H | B102: Software | C102: =emissions!B101 -> 0 | M102: 1 | AA102: 1 | AR102: 1 | AU102: 1 | AW102: 1 | AX102: 1 | AZ102: 1
A103: BOBEST091400H | B103: (On)bespeelde informatiedragers | C103: =emissions!B102 -> 0 | M103: 1 | AR103: 1 | AU103: 1 | AW103: 1 | AX103: 1 | AZ103: 1
A104: BOBEST091410H | B104: Voorbespeelde informatiedragers | C104: =emissions!B103 -> 0 | M104: 1 | AR104: 1 | AU104: 1 | AW104: 1 | AX104: 1 | AZ104: 1
...

Sheet mapping_relative
A1: Column1 | B1: activity_11_0 | C1: activity_11_110 | D1: activity_11_120 | E1: activity_11_130 | F1: activity_11_190 | G1: activity_11_200 | H1: activity_11_210 | I1: activity_11_220 | J1: activity_11_230 | K1: activity_11_290 | L1: activity_11_300 | M1: activity_11_310 | N1: activity_11_320 | O1: activity_11_330 | P1: activity_11_390 | Q1: activity_11_3000 | R1: activity_11_3110 | S1: activity_11_3120 | T1: activity_11_3130 | U1: activity_11_3140 | V1: activity_11_3190 | W1: activity_11_3200 | X1: activity_11_3210 | Y1: activity_11_3220 | Z1: activity_11_3230 | AA1: activity_11_3240 | AB1: activity_11_3290 | AC1: activity_11_3300 | AD1: activity_11_3310 | AE1: activity_11_3320 | AF1: activity_11_3330 | AG1: activity_11_3390 | AH1: activity_11_3400 | AI1: activity_11_3410 | AJ1: activity_11_3420 | AK1: activity_11_3430 | AL1: activity_11_3440 | AM1: activity_11_3490 | AN1: activity_11_3500 | AO1: activity_11_3510 | AP1: activity_11_3520 | AQ1: activity_11_3530 | AR1: activity_11_3540 | AS1: activity_11_3590 | AT1: activity_11_3600 | AU1: activity_11_3610 | AV1: activity_11_3620 | AW1: activity_11_3630 | AX1: activity_11_3690 | AY1: activity_11_3710 | AZ1: activity_11_3800 | BA1: activity_11_3810 | BB1: activity_11_3820 | BC1: activity_11_3830 | BD1: activity_11_3840 | BE1: activity_11_3890 | BF1: activity_11_3910 | BG1: activity_11_3920 | BH1: activity_11_3990 | BI1: activity_11_4000 | BJ1: activity_11_4100 | BK1: activity_11_4110 | BL1: activity_11_4120 | BM1: activity_11_4210 | BN1: activity_11_4220 | BO1: activity_11_4230 | BP1: activity_11_4240 | BQ1: activity_11_4250 | BR1: activity_11_4290 | BS1: activity_11_4300 | BT1: activity_11_4310 | BU1: activity_11_4320 | BV1: activity_11_4390 | BW1: activity_11_5000 | BX1: activity_11_5100 | BY1: activity_11_5110 | BZ1: activity_11_5120 | CA1: activity_11_5130 | CB1: activity_11_5140 | CC1: activity_11_5190 | CD1: activity_11_5200 | CE1: activity_11_5210 | CF1: activity_11_5220 | CG1: activity_11_5230 | CH1: activity_11_5240 | CI1: activity_11_5250 | CJ1: activity_11_5260 | CK1: activity_11_5290 | CL1: activity_11_5310 | CM1: activity_11_6000 | CN1: activity_11_6100 | CO1: activity_11_6110 | CP1: activity_11_6120 | CQ1: activity_11_6130 | CR1: activity_11_6140 | CS1: activity_11_6150 | CT1: activity_11_6160 | CU1: activity_11_6190 | CV1: activity_11_6200 | CW1: activity_11_6210 | CX1: activity_11_6220 | CY1: activity_11_6290 | CZ1: activity_11_6310 | DA1: activity_11_7000 | DB1: activity_11_7100 | DC1: activity_11_7110 | DD1: activity_11_7120 | DE1: activity_11_7130 | DF1: activity_11_7190 | DG1: activity_11_7200 | DH1: activity_11_7210 | DI1: activity_11_7220 | DJ1: activity_11_7230 | DK1: activity_11_7250 | DL1: activity_11_7290 | DM1: activity_11_7300 | DN1: activity_11_7310 | DO1: activity_11_7320 | DP1: activity_11_7330 | DQ1: activity_11_7390 | DR1: activity_11_8000 | DS1: activity_11_8100 | DT1: activity_11_8110 | DU1: activity_11_8120 | DV1: activity_11_8190 | DW1: activity_11_8210 | DX1: activity_11_8220 | DY1: activity_11_8300 | DZ1: activity_11_8310 | EA1: activity_11_8320 | EB1: activity_11_9950 | EC1: activity_11_9980 | ED1: activity_11_9990 | EE1: activity_10_0 | EF1: activity_10_110 | EG1: activity_10_120 | EH1: activity_10_130 | EI1: activity_10_190 | EJ1: activity_10_200 | EK1: activity_10_210 | EL1: activity_10_220 | EM1: activity_10_230 | EN1: activity_10_290 | EO1: activity_10_300 | EP1: activity_10_310 | EQ1: activity_10_320 | ER1: activity_10_330 | ES1: activity_10_390 | ET1: activity_10_3000 | EU1: activity_10_3110 | EV1: activity_10_3120 | EW1: activity_10_3130 | EX1: activity_10_3140 | EY1: activity_10_3190 | EZ1: activity_10_3200 | FA1: activity_10_3210 | FB1: activity_10_3220 | FC1: activity_10_3230 | FD1: activity_10_3240 | FE1: activity_10_3290 | FF1: activity_10_3300 | FG1: activity_10_3310 | FH1: activity_10_3320 | FI1: activity_10_3330 | FJ1: activity_10_3390 | FK1: activity_10_3400 | FL1: activity_10_3410 | FM1: activity_10_3420 | FN1: activity_10_3430 | FO1: activity_10_3440 | FP1: activity_10_3490 | FQ1: activity_10_3500 | FR1: activity_10_3510 | FS1: activity_10_3520 | FT1: activity_10_3530 | FU1: activity_10_3540 | FV1: activity_10_3590 | FW1: activity_10_3600 | FX1: activity_10_3610 | FY1: activity_10_3620 | FZ1: activity_10_3630 | GA1: activity_10_3690 | GB1: activity_10_3710 | GC1: activity_10_3800 | GD1: activity_10_3810 | GE1: activity_10_3820 | GF1: activity_10_3830 | GG1: activity_10_3840 | GH1: activity_10_3890 | GI1: activity_10_3910 | GJ1: activity_10_3920 | GK1: activity_10_3990 | GL1: activity_10_4000 | GM1: activity_10_4100 | GN1: activity_10_4110 | GO1: activity_10_4120 | GP1: activity_10_4210 | GQ1: activity_10_4220 | GR1: activity_10_4230 | GS1: activity_10_4240 | GT1: activity_10_4250 | GU1: activity_10_4290 | GV1: activity_10_4300 | GW1: activity_10_4310 | GX1: activity_10_4320 | GY1: activity_10_4390 | GZ1: activity_10_5000 | HA1: activity_10_5100 | HB1: activity_10_5110 | HC1: activity_10_5120 | HD1: activity_10_5130 | HE1: activity_10_5140 | HF1: activity_10_5190 | HG1: activity_10_5200 | HH1: activity_10_5210 | HI1: activity_10_5220 | HJ1: activity_10_5230 | HK1: activity_10_5240 | HL1: activity_10_5250 | HM1: activity_10_5260 | HN1: activity_10_5290 | HO1: activity_10_5310 | HP1: activity_10_6000 | HQ1: activity_10_6100 | HR1: activity_10_6110 | HS1: activity_10_6120 | HT1: activity_10_6130 | HU1: activity_10_6140 | HV1: activity_10_6150 | HW1: activity_10_6160 | HX1: activity_10_6190 | HY1: activity_10_6200 | HZ1: activity_10_6210 | IA1: activity_10_6220 | IB1: activity_10_6290 | IC1: activity_10_6310 | ID1: activity_10_7000 | IE1: activity_10_7100 | IF1: activity_10_7110 | IG1: activity_10_7120 | IH1: activity_10_7130 | II1: activity_10_7190 | IJ1: activity_10_7200 | IK1: activity_10_7210 | IL1: activity_10_7220 | IM1: activity_10_7230 | IN1: activity_10_7250 | IO1: activity_10_7290 | IP1: activity_10_7300 | IQ1: activity_10_7310 | IR1: activity_10_7320 | IS1: activity_10_7330 | IT1: activity_10_7390 | IU1: activity_10_8000 | IV1: activity_10_8100 | IW1: activity_10_8110 | IX1: activity_10_8120 | IY1: activity_10_8190 | IZ1: activity_10_8210 | JA1: activity_10_8220 | JB1: activity_10_8300 | JC1: activity_10_8310 | JD1: activity_10_8320 | JE1: activity_10_9950 | JF1: activity_10_9980 | JG1: activity_10_9990 | JH1: activity_20_9000 | JI1: activity_21_9000 | JJ1: activity_22_9000 | JK1: activity_23_9000 | JL1: activity_24_9000 | JM1: activity_25_9000 | JN1: activity_26_9000 | JO1: activity_20_9360 | JP1: activity_21_9360 | JQ1: activity_22_9360 | JR1: activity_23_9360 | JS1: activity_24_9360 | JT1: activity_25_9360 | JU1: activity_26_9360 | JV1: activity_20_9380 | JW1: activity_21_9380 | JX1: activity_22_9380 | JY1: activity_23_9380 | JZ1: activity_24_9380 | KA1: activity_25_9380 | KB1: activity_26_9380 | KC1: activity_20_9400 | KD1: activity_21_9400 | KE1: activity_22_9400 | KF1: activity_23_9400 | KG1: activity_24_9400 | KH1: activity_25_9400 | KI1: activity_26_9400 | KJ1: activity_20_9500 | KK1: activity_21_9500 | KL1: activity_22_9500 | KM1: activity_23_9500 | KN1: activity_24_9500 | KO1: activity_25_9500 | KP1: activity_26_9500 | KQ1: activity_20_9600 | KR1: activity_21_9600 | KS1: activity_22_9600 | KT1: activity_23_9600 | KU1: activity_24_9600 | KV1: activity_25_9600 | KW1: activity_26_9600 | KX1: activity_20_9800 | KY1: activity_21_9800 | KZ1: activity_22_9800 | LA1: activity_23_9800 | LB1: activity_24_9800 | LC1: activity_25_9800 | LD1: activity_26_9800
A2: BOBEST011100H
A3: BOBEST011110H
A4: BOBEST011170H
A5: BOBEST011200H
A6: BOBEST011210H
A7: BOBEST011220H
A8: BOBEST011240H
A9: BOBEST011300H
A10: BOBEST011400H
A11: BOBEST011410H
A12: BOBEST011420H
A13: BOBEST011430H
... A157: BOBEST300000H

Sheet mapping_home
A1: Variable | C1: =CONCATENATE(mapping_overview!D1, "_11") -> 0000_11 | D1: =CONCATENATE(mapping_overview!E1, "_11") -> 0100_11 | E1: =CONCATENATE(mapping_overview!F1, "_11") -> 0200_11 | F1: =CONCATENATE(mapping_overview!G1, "_11") -> 0204_11 | G1: =CONCATENATE(mapping_overview!H1, "_11") -> 0230_11 | H1: =CONCATENATE(mapping_overview!I1, "_11") -> 0300_11 | I1: =CONCATENATE(mapping_overview!J1, "_11") -> 0310_11 | J1: =CONCATENATE(mapping_overview!K1, "_11") -> 0320_11 | ... AZ1: =CONCATENATE(mapping_overview!BA1, "_11") -> 9900_11
C2: =mapping_overview!D2 -> Persoonlijke verzorging, ongespecificeerd | D2: =mapping_overview!E2 -> In bed | E2: =mapping_overview!F2 -> Eten, ongespecificeerd | F2: =mapping_overview!G2 -> Eten, ongespecificeerd - werk / school (kantine) | G2: =mapping_overview!H2 -> Iets drinken, ongespecificeerd | H2: =mapping_overview!I2 -> Overige persoonlijke verzorging, ongespecificeerd ("verzorgen") | I2: =mapping_overview!J2 -> Wassen en aankleden, ongespecificeerd | J2: =mapping_overview!K2 -> Medische verzorging | ... AZ2: =mapping_overview!BA2 -> Overig
A3: BOBEST011100H | B3: Brood en granen
A4: BOBEST011110H | B4: Rijst
A5: BOBEST011170H | B5: Ontbijtgranen
A6: BOBEST011200H | B6: Vlees
A7: BOBEST011210H | B7: Rund- en kalfsvlees
A8: BOBEST011220H | B8: Varkensvlees
A9: BOBEST011240H | B9: Pluimveevlees
A10: BOBEST011300H | B10: Vis en schaal- en schelpdieren
A11: BOBEST011400H | B11: Melk, kaas en eieren
A12: BOBEST011410H | B12: Verse volle melk
A13: BOBEST011420H | B13: Verse halfvolle en magere melk
A14: BOBEST011430H | B14: Houdbare melk
... A158: BOBEST300000H | B158: Uitgaven aan groot onderhoud

Sheet mapping_out
A1: Variable | C1: =CONCATENATE(mapping_overview!D1, "_10") -> 0000_10 | D1: =CONCATENATE(mapping_overview!E1, "_10") -> 0100_10 | E1: =CONCATENATE(mapping_overview!F1, "_10") -> 0200_10 | F1: =CONCATENATE(mapping_overview!G1, "_10") -> 0204_10 | G1: =CONCATENATE(mapping_overview!H1, "_10") -> 0230_10 | H1: =CONCATENATE(mapping_overview!I1, "_10") -> 0300_10 | I1: =CONCATENATE(mapping_overview!J1, "_10") -> 0310_10 | J1: =CONCATENATE(mapping_overview!K1, "_10") -> 0320_10 | ... AZ1: =CONCATENATE(mapping_overview!BA1, "_10") -> 9900_10
C2: =mapping_overview!D2 -> Persoonlijke verzorging, ongespecificeerd | D2: =mapping_overview!E2 -> In bed | E2: =mapping_overview!F2 -> Eten, ongespecificeerd | F2: =mapping_overview!G2 -> Eten, ongespecificeerd - werk / school (kantine) | G2: =mapping_overview!H2 -> Iets drinken, ongespecificeerd | H2: =mapping_overview!I2 -> Overige persoonlijke verzorging, ongespecificeerd ("verzorgen") | I2: =mapping_overview!J2 -> Wassen en aankleden, ongespecificeerd | J2: =mapping_overview!K2 -> Medische verzorging | ... AZ2: =mapping_overview!BA2 -> Overig
A3: BOBEST011100H | B3: Brood en granen
A4: BOBEST011110H | B4: Rijst
A5: BOBEST011170H | B5: Ontbijtgranen
A6: BOBEST011200H | B6: Vlees
A7: BOBEST011210H | B7: Rund- en kalfsvlees
A8: BOBEST011220H | B8: Varkensvlees
A9: BOBEST011240H | B9: Pluimveevlees
A10: BOBEST011300H | B10: Vis en schaal- en schelpdieren
A11: BOBEST011400H | B11: Melk, kaas en eieren
A12: BOBEST011410H | B12: Verse volle melk
A13: BOBEST011420H | B13: Verse halfvolle en magere melk
A14: BOBEST011430H | B14: Houdbare melk
... A158: BOBEST300000H | B158: Uitgaven aan groot onderhoud

Sheet mapping_transport
A1: Variable | C1: 9000_20 | D1: 9000_21 | E1: 9000_22 | F1: 9000_23 | G1: 9000_24 | H1: 9000_25 | I1: 9000_26 | J1: 9100_20 | K1: 9100_21 | L1: 9100_22 | M1: 9100_23 | N1: 9100_24 | O1: 9100_25 | P1: 9100_26 | Q1: 9200_20 | R1: 9200_21 | S1: 9200_22 | T1: 9200_23 | U1: 9200_24 | V1: 9200_25 | W1: 9200_26 | X1: 9360_20 | Y1: 9360_21 | Z1: 9360_22 | AA1: 9360_23 | AB1: 9360_24 | AC1: 9360_25 | AD1: 9360_26 | AE1: 9380_20 | AF1: 9380_21 | AG1: 9380_22 | AH1: 9380_23 | AI1: 9380_24 | AJ1: 9380_25 | AK1: 9380_26 | AL1: 9400_20 | AM1: 9400_21 | AN1: 9400_22 | AO1: 9400_23 | AP1: 9400_24 | AQ1: 9400_25 | AR1: 9400_26 | AS1: 9500_20 | AT1: 9500_21 | AU1: 9500_22 | AV1: 9500_23 | AW1: 9500_24 | AX1: 9500_25 | AY1: 9500_26 | AZ1: 9600_20 | BA1: 9600_21 | BB1: 9600_22 | BC1: 9600_23 | BD1: 9600_24 | BE1: 9600_25 | BF1: 9600_26 | BG1: 9800_20 | BH1: 9800_21 | BI1: 9800_22 | BJ1: 9800_23 | BK1: 9800_24 | BL1: 9800_25 | BM1: 9800_26
C2: Andere of niet gespecificeerde verplaatsing | D2: Andere of niet gespecificeerde verplaatsing | E2: Andere of niet gespecificeerde verplaatsing | F2: Andere of niet gespecificeerde verplaatsing | G2: Andere of niet gespecificeerde verplaatsing | H2: Andere of niet gespecificeerde verplaatsing | I2: Andere of niet gespecificeerde verplaatsing | J2: Verplaatsing van en naar werk | K2: Verplaatsing van en naar werk | L2: Verplaatsing van en naar werk | M2: Verplaatsing van en naar werk | N2: Verplaatsing van en naar werk | O2: Verplaatsing van en naar werk | P2: Verplaatsing van en naar werk | Q2: Verplaatsing van en naar school of studie | R2: Verplaatsing van en naar school of studie | S2: Verplaatsing van en naar school of studie | T2: Verplaatsing van en naar school of studie | U2: Verplaatsing van en naar school of studie | V2: Verplaatsing van en naar school of studie | W2: Verplaatsing van en naar school of studie | X2: Verplaatsing van en naar winkels en diensten | Y2: Verplaatsing van en naar winkels en diensten | Z2: Verplaatsing van en naar winkels en diensten | AA2: Verplaatsing van en naar winkels en diensten | AB2: Verplaatsing van en naar winkels en diensten | AC2: Verplaatsing van en naar winkels en diensten | AD2: Verplaatsing van en naar winkels en diensten | AE2: Verplaatsing tbv andere huishoudelijke activiteit | AF2: Verplaatsing tbv andere huishoudelijke activiteit | AG2: Verplaatsing tbv andere huishoudelijke activiteit | AH2: Verplaatsing tbv andere huishoudelijke activiteit | AI2: Verplaatsing tbv andere huishoudelijke activiteit | AJ2: Verplaatsing tbv andere huishoudelijke activiteit | AK2: Verplaatsing tbv andere huishoudelijke activiteit | AL2: Verplaatsing tbv vrijwilligerswerk of bijeenkomsten | AM2: Verplaatsing tbv vrijwilligerswerk of bijeenkomsten | AN2: Verplaatsing tbv vrijwilligerswerk of bijeenkomsten | AO2: Verplaatsing tbv vrijwilligerswerk of bijeenkomsten | AP2: Verplaatsing tbv vrijwilligerswerk of bijeenkomsten | AQ2: Verplaatsing tbv vrijwilligerswerk of bijeenkomsten | AR2: Verplaatsing tbv vrijwilligerswerk of bijeenkomsten | AS2: verplaatsing tbv sociaal leven | AT2: verplaatsing tbv sociaal leven | AU2: verplaatsing tbv sociaal leven | AV2: verplaatsing tbv sociaal leven | AW2: verplaatsing tbv sociaal leven | AX2: verplaatsing tbv sociaal leven | AY2: verplaatsing tbv sociaal leven | AZ2: Verplaatsing tbv ander vrijetijdsbesteding | BA2: Verplaatsing tbv ander vrijetijdsbesteding | BB2: Verplaatsing tbv ander vrijetijdsbesteding | BC2: Verplaatsing tbv ander vrijetijdsbesteding | BD2: Verplaatsing tbv ander vrijetijdsbesteding | BE2: Verplaatsing tbv ander vrijetijdsbesteding | BF2: Verplaatsing tbv ander vrijetijdsbesteding | BG2: Verplaatsing tbv verandering locatie | BH2: Verplaatsing tbv verandering locatie | BI2: Verplaatsing tbv verandering locatie | BJ2: Verplaatsing tbv verandering locatie | BK2: Verplaatsing tbv verandering locatie | BL2: Verplaatsing tbv verandering locatie | BM2: Verplaatsing tbv verandering locatie
A3: BOBEST011100H | B3: Brood en granen | C3: =IF(SUM(D3:I3)>0, 1, "") | J3: =IF(SUM(K3:P3)>0, 1, "") | Q3: =IF(SUM(R3:W3)>0, 1, "") | X3: =IF(SUM(Y3:AD3)>0, 1, "") | AE3: =IF(SUM(AF3:AK3)>0, 1, "") | AL3: =IF(SUM(AM3:AR3)>0, 1, "") | AS3: =IF(SUM(AT3:AY3)>0, 1, "") | AZ3: =IF(SUM(BA3:BF3)>0, 1, "") | BG3: =IF(SUM(BH3:BM3)>0, 1, "")
A4: BOBEST011110H | B4: Rijst | C4: =IF(SUM(D4:I4)>0, 1, "") | J4: =IF(SUM(K4:P4)>0, 1, "") | Q4: =IF(SUM(R4:W4)>0, 1, "") | X4: =IF(SUM(Y4:AD4)>0, 1, "") | AE4: =IF(SUM(AF4:AK4)>0, 1, "") | AL4: =IF(SUM(AM4:AR4)>0, 1, "") | AS4: =IF(SUM(AT4:AY4)>0, 1, "") | AZ4: =IF(SUM(BA4:BF4)>0, 1, "") | BG4: =IF(SUM(BH4:BM4)>0, 1, "")
A5: BOBEST011170H | B5: Ontbijtgranen | C5: =IF(SUM(D5:I5)>0, 1, "") | J5: =IF(SUM(K5:P5)>0, 1, "") | Q5: =IF(SUM(R5:W5)>0, 1, "") | X5: =IF(SUM(Y5:AD5)>0, 1, "") | AE5: =IF(SUM(AF5:AK5)>0, 1, "") | AL5: =IF(SUM(AM5:AR5)>0, 1, "") | AS5: =IF(SUM(AT5:AY5)>0, 1, "") | AZ5: =IF(SUM(BA5:BF5)>0, 1, "") | BG5: =IF(SUM(BH5:BM5)>0, 1, "")
A6: BOBEST011200H | B6: Vlees | C6: =IF(SUM(D6:I6)>0, 1, "") | J6: =IF(SUM(K6:P6)>0, 1, "") | Q6: =IF(SUM(R6:W6)>0, 1, "") | X6: =IF(SUM(Y6:AD6)>0, 1, "") | AE6: =IF(SUM(AF6:AK6)>0, 1, "") | AL6: =IF(SUM(AM6:AR6)>0, 1, "") | AS6: =IF(SUM(AT6:AY6)>0, 1, "") | AZ6: =IF(SUM(BA6:BF6)>0, 1, "") | BG6: =IF(SUM(BH6:BM6)>0, 1, "")
A7: BOBEST011210H | B7: Rund- en kalfsvlees | C7: =IF(SUM(D7:I7)>0, 1, "") | J7: =IF(SUM(K7:P7)>0, 1, "") | Q7: =IF(SUM(R7:W7)>0, 1, "") | X7: =IF(SUM(Y7:AD7)>0, 1, "") | AE7: =IF(SUM(AF7:AK7)>0, 1, "") | AL7: =IF(SUM(AM7:AR7)>0, 1, "") | AS7: =IF(SUM(AT7:AY7)>0, 1, "") | AZ7: =IF(SUM(BA7:BF7)>0, 1, "") | BG7: =IF(SUM(BH7:BM7)>0, 1, "")
A8: BOBEST011220H | B8: Varkensvlees | C8: =IF(SUM(D8:I8)>0, 1, "") | J8: =IF(SUM(K8:P8)>0, 1, "") | Q8: =IF(SUM(R8:W8)>0, 1, "") | X8: =IF(SUM(Y8:AD8)>0, 1, "") | AE8: =IF(SUM(AF8:AK8)>0, 1, "") | AL8: =IF(SUM(AM8:AR8)>0, 1, "") | AS8: =IF(SUM(AT8:AY8)>0, 1, "") | AZ8: =IF(SUM(BA8:BF8)>0, 1, "") | BG8: =IF(SUM(BH8:BM8)>0, 1, "")
A9: BOBEST011240H | B9: Pluimveevlees | C9: =IF(SUM(D9:I9)>0, 1, "") | J9: =IF(SUM(K9:P9)>0, 1, "") | Q9: =IF(SUM(R9:W9)>0, 1, "") | X9: =IF(SUM(Y9:AD9)>0, 1, "") | AE9: =IF(SUM(AF9:AK9)>0, 1, "") | AL9: =IF(SUM(AM9:AR9)>0, 1, "") | AS9: =IF(SUM(AT9:AY9)>0, 1, "") | AZ9: =IF(SUM(BA9:BF9)>0, 1, "") | BG9: =IF(SUM(BH9:BM9)>0, 1, "")
A10: BOBEST011300H | B10: Vis en schaal- en schelpdieren | C10: =IF(SUM(D10:I10)>0, 1, "") | J10: =IF(SUM(K10:P10)>0, 1, "") | Q10: =IF(SUM(R10:W10)>0, 1, "") | X10: =IF(SUM(Y10:AD10)>0, 1, "") | AE10: =IF(SUM(AF10:AK10)>0, 1, "") | AL10: =IF(SUM(AM10:AR10)>0, 1, "") | AS10: =IF(SUM(AT10:AY10)>0, 1, "") | AZ10: =IF(SUM(BA10:BF10)>0, 1, "") | BG10: =IF(SUM(BH10:BM10)>0, 1, "")
A11: BOBEST011400H | B11: Melk, kaas en eieren | C11: =IF(SUM(D11:I11)>0, 1, "") | J11: =IF(SUM(K11:P11)>0, 1, "") | Q11: =IF(SUM(R11:W11)>0, 1, "") | X11: =IF(SUM(Y11:AD11)>0, 1, "") | AE11: =IF(SUM(AF11:AK11)>0, 1, "") | AL11: =IF(SUM(AM11:AR11)>0, 1, "") | AS11: =IF(SUM(AT11:AY11)>0, 1, "") | AZ11: =IF(SUM(BA11:BF11)>0, 1, "") | BG11: =IF(SUM(BH11:BM11)>0, 1, "")
A12: BOBEST011410H | B12: Verse volle melk | C12: =IF(SUM(D12:I12)>0, 1, "") | J12: =IF(SUM(K12:P12)>0, 1, "") | Q12: =IF(SUM(R12:W12)>0, 1, "") | X12: =IF(SUM(Y12:AD12)>0, 1, "") | AE12: =IF(SUM(AF12:AK12)>0, 1, "") | AL12: =IF(SUM(AM12:AR12)>0, 1, "") | AS12: =IF(SUM(AT12:AY12)>0, 1, "") | AZ12: =IF(SUM(BA12:BF12)>0, 1, "") | BG12: =IF(SUM(BH12:BM12)>0, 1, "")
A13: BOBEST011420H | B13: Verse halfvolle en magere melk | C13: =IF(SUM(D13:I13)>0, 1, "") | J13: =IF(SUM(K13:P13)>0, 1, "") | Q13: =IF(SUM(R13:W13)>0, 1, "") | X13: =IF(SUM(Y13:AD13)>0, 1, "") | AE13: =IF(SUM(AF13:AK13)>0, 1, "") | AL13: =IF(SUM(AM13:AR13)>0, 1, "") | AS13: =IF(SUM(AT13:AY13)>0, 1, "") | AZ13: =IF(SUM(BA13:BF13)>0, 1, "") | BG13: =IF(SUM(BH13:BM13)>0, 1, "")
A14: BOBEST011430H | B14: Houdbare melk | C14: =IF(SUM(D14:I14)>0, 1, "") | J14: =IF(SUM(K14:P14)>0, 1, "") | Q14: =IF(SUM(R14:W14)>0, 1, "") | X14: =IF(SUM(Y14:AD14)>0, 1, "") | AE14: =IF(SUM(AF14:AK14)>0, 1, "") | AL14: =IF(SUM(AM14:AR14)>0, 1, "") | AS14: =IF(SUM(AT14:AY14)>0, 1, "") | AZ14: =IF(SUM(BA14:BF14)>0, 1, "") | BG14: =IF(SUM(BH14:BM14)>0, 1, "")
... A28: BOBEST021300H | B28: Bier | C28: =IF(SUM(D28:I28)>0, 1, "") | J28: =IF(SUM(K28:P28)>0, 1, "") | Q28: =IF(SUM(R28:W28)>0, 1, "") | X28: =IF(SUM(Y28:AD28)>0, 1, "") | AE28: =IF(SUM(AF28:AK28)>0, 1, "") | AL28: =IF(SUM(AM28:AR28)>0, 1, "") | AS28: =IF(SUM(AT28:AY28)>0, 1, "") | AZ28: =IF(SUM(BA28:BF28)>0, 1, "") | BG28: =IF(SUM(BH28:BM28)>0, 1, "")
A29: BOBEST022000H | B29: Tabak | C29: =IF(SUM(D29:I29)>0, 1, "") -> 1 | D29: 1 | E29: 1 | F29: 1 | G29: 1 | H29: 1 | J29: =IF(SUM(K29:P29)>0, 1, "") -> 1 | K29: 1 | L29: 1 | M29: 1 | N29: 1 | O29: 1 | Q29: =IF(SUM(R29:W29)>0, 1, "") -> 1 | R29: 1 | S29: 1 | T29: 1 | U29: 1 | V29: 1 | X29: 1 | Y29: 1 | Z29: 1 | AA29: 1 | AB29: 1 | AC29: 1 | AE29: =IF(SUM(AF29:AK29)>0, 1, "") -> 1 | AF29: 1 | AG29: 1 | AH29: 1 | AI29: 1 | AJ29: 1 | AL29: =IF(SUM(AM29:AR29)>0, 1, "") -> 1 | AM29: 1 | AN29: 1 | AO29: 1 | AP29: 1 | AQ29: 1 | AS29: =IF(SUM(AT29:AY29)>0, 1, "") -> 1 | AT29: 1 | AU29: 1 | AV29: 1 | AW29: 1 | AX29: 1 | AZ29: =IF(SUM(BA29:BF29)>0, 1, "") -> 1 | BA29: 1 | BB29: 1 | BC29: 1 | BD29: 1 | BE29: 1 | BG29: =IF(SUM(BH29:BM29)>0, 1, "") -> 1 | BH29: 1 | BI29: 1 | BJ29: 1 | BK29: 1 | BL29: 1
A30: BOBEST023000H | B30: Verdovende middelen | C30: =IF(SUM(D30:I30)>0, 1, "") | J30: =IF(SUM(K30:P30)>0, 1, "") | Q30: =IF(SUM(R30:W30)>0, 1, "") | X30: =IF(SUM(Y30:AD30)>0, 1, "") | AE30: =IF(SUM(AF30:AK30)>0, 1, "") | AL30: =IF(SUM(AM30:AR30)>0, 1, "") | AS30: =IF(SUM(AT30:AY30)>0, 1, "") | AZ30: =IF(SUM(BA30:BF30)>0, 1, "") | BG30: =IF(SUM(BH30:BM30)>0, 1, "")
A31: BOBEST031100H | B31: Kledingstoffen | C31: =IF(SUM(D31:I31)>0, 1, "") | J31: =IF(SUM(K31:P31)>0, 1, "") | Q31: =IF(SUM(R31:W31)>0, 1, "") | X31: =IF(SUM(Y31:AD31)>0, 1, "") | AE31: =IF(SUM(AF31:AK31)>0, 1, "") | AL31: =IF(SUM(AM31:AR31)>0, 1, "") | AS31: =IF(SUM(AT31:AY31)>0, 1, "") | AZ31: =IF(SUM(BA31:BF31)>0, 1, "") | BG31: =IF(SUM(BH31:BM31)>0, 1, "")
A32: BOBEST031200H | B32: Kleding | C32: =IF(SUM(D32:I32)>0, 1, "") | J32: =IF(SUM(K32:P32)>0, 1, "") | Q32: =IF(SUM(R32:W32)>0, 1, "") | X32: =IF(SUM(Y32:AD32)>0, 1, "") | AE32: =IF(SUM(AF32:AK32)>0, 1, "") | AL32: =IF(SUM(AM32:AR32)>0, 1, "") | AS32: =IF(SUM(AT32:AY32)>0, 1, "") | AZ32: =IF(SUM(BA32:BF32)>0, 1, "") | BG32: =IF(SUM(BH32:BM32)>0, 1, "")
A33: BOBEST031300H | B33: Overige kledingartikelen en toebehoren | C33: =IF(SUM(D33:I33)>0, 1, "") | J33: =IF(SUM(K33:P33)>0, 1, "") | Q33: =IF(SUM(R33:W33)>0, 1, "") | X33: =IF(SUM(Y33:AD33)>0, 1, "") | AE33: =IF(SUM(AF33:AK33)>0, 1, "") | AL33: =IF(SUM(AM33:AR33)>0, 1, "") | AS33: =IF(SUM(AT33:AY33)>0, 1, "") | AZ33: =IF(SUM(BA33:BF33)>0, 1, "") | BG33: =IF(SUM(BH33:BM33)>0, 1, "")
A34: BOBEST031400H | B34: Stomen en reparatie van kleding | C34: =IF(SUM(D34:I34)>0, 1, "") | J34: =IF(SUM(K34:P34)>0, 1, "") | Q34: =IF(SUM(R34:W34)>0, 1, "") | X34: =IF(SUM(Y34:AD34)>0, 1, "") | AE34: =IF(SUM(AF34:AK34)>0, 1, "") | AL34: =IF(SUM(AM34:AR34)>0, 1, "") | AS34: =IF(SUM(AT34:AY34)>0, 1, "") | AZ34: =IF(SUM(BA34:BF34)>0, 1, "") | BG34: =IF(SUM(BH34:BM34)>0, 1, "")
A35: BOBEST032100H | B35: Schoenen en ander schoeisel | C35: =IF(SUM(D35:I35)>0, 1, "") | J35: =IF(SUM(K35:P35)>0, 1, "") | Q35: =IF(SUM(R35:W35)>0, 1, "") | X35: =IF(SUM(Y35:AD35)>0, 1, "") | AE35: =IF(SUM(AF35:AK35)>0, 1, "") | AL35: =IF(SUM(AM35:AR35)>0, 1, "") | AS35: =IF(SUM(AT35:AY35)>0, 1, "") | AZ35: =IF(SUM(BA35:BF35)>0, 1, "") | BG35: =IF(SUM(BH35:BM35)>0, 1, "")
A36: BOBEST032200H | B36: Reparatie en verhuur van schoenen | C36: =IF(SUM(D36:I36)>0, 1, "") | J36: =IF(SUM(K36:P36)>0, 1, "") | Q36: =IF(SUM(R36:W36)>0, 1, "") | X36: =IF(SUM(Y36:AD36)>0, 1, "") | AE36: =IF(SUM(AF36:AK36)>0, 1, "") | AL36: =IF(SUM(AM36:AR36)>0, 1, "") | AS36: =IF(SUM(AT36:AY36)>0, 1, "") | AZ36: =IF(SUM(BA36:BF36)>0, 1, "") | BG36: =IF(SUM(BH36:BM36)>0, 1, "")
A37: BOBEST041100H | B37: Werkelijke woninghuur betaald door huurders | C37: =IF(SUM(D37:I37)>0, 1, "") | J37: =IF(SUM(K37:P37)>0, 1, "") | Q37: =IF(SUM(R37:W37)>0, 1, "") | X37: =IF(SUM(Y37:AD37)>0, 1, "") | AE37: =IF(SUM(AF37:AK37)>0, 1, "") | AL37: =IF(SUM(AM37:AR37)>0, 1, "") | AS37: =IF(SUM(AT37:AY37)>0, 1, "") | AZ37: =IF(SUM(BA37:BF37)>0, 1, "") | BG37: =IF(SUM(BH37:BM37)>0, 1, "")
A38: BOBEST041200H | B38: Overige werkelijke woninghuur | C38: =IF(SUM(D38:I38)>0, 1, "") | J38: =IF(SUM(K38:P38)>0, 1, "") | Q38: =IF(SUM(R38:W38)>0, 1, "") | X38: =IF(SUM(Y38:AD38)>0, 1, "") | AE38: =IF(SUM(AF38:AK38)>0, 1, "") | AL38: =IF(SUM(AM38:AR38)>0, 1, "") | AS38: =IF(SUM(AT38:AY38)>0, 1, "") | AZ38: =IF(SUM(BA38:BF38)>0, 1, "") | BG38: =IF(SUM(BH38:BM38)>0, 1, "")
A39: BOBEST042100H | B39: Toegerekende huur eigen woning | C39: =IF(SUM(D39:I39)>0, 1, "") | J39: =IF(SUM(K39:P39)>0, 1, "") | Q39: =IF(SUM(R39:W39)>0, 1, "") | X39: =IF(SUM(Y39:AD39)>0, 1, "") | AE39: =IF(SUM(AF39:AK39)>0, 1, "") | AL39: =IF(SUM(AM39:AR39)>0, 1, "") | AS39: =IF(SUM(AT39:AY39)>0, 1, "") | AZ39: =IF(SUM(BA39:BF39)>0, 1, "") | BG39: =IF(SUM(BH39:BM39)>0, 1, "")
A40: BOBEST042200H | B40: Overige toegerekende huur | C40: =IF(SUM(D40:I40)>0, 1, "") | J40: =IF(SUM(K40:P40)>0, 1, "") | Q40: =IF(SUM(R40:W40)>0, 1, "") | X40: =IF(SUM(Y40:AD40)>0, 1, "") | AE40: =IF(SUM(AF40:AK40)>0, 1, "") | AL40: =IF(SUM(AM40:AR40)>0, 1, "") | AS40: =IF(SUM(AT40:AY40)>0, 1, "") | AZ40: =IF(SUM(BA40:BF40)>0, 1, "") | BG40: =IF(SUM(BH40:BM40)>0, 1, "")
A41: BOBEST043100H | B41: Onderhoudsmaterialen voor de woning | C41: =IF(SUM(D41:I41)>0, 1, "") | J41: =IF(SUM(K41:P41)>0, 1, "") | Q41: =IF(SUM(R41:W41)>0, 1, "") | X41: =IF(SUM(Y41:AD41)>0, 1, "") | AE41: =IF(SUM(AF41:AK41)>0, 1, "") | AL41: =IF(SUM(AM41:AR41)>0, 1, "") | AS41: =IF(SUM(AT41:AY41)>0, 1, "") | AZ41: =IF(SUM(BA41:BF41)>0, 1, "") | BG41: =IF(SUM(BH41:BM41)>0, 1, "")
... A75: BOBEST063000H | B75: Diensten van ziekenhuizen | C75: =IF(SUM(D75:I75)>0, 1, "") | J75: =IF(SUM(K75:P75)>0, 1, "") | Q75: =IF(SUM(R75:W75)>0, 1, "") | X75: =IF(SUM(Y75:AD75)>0, 1, "") | AE75: =IF(SUM(AF75:AK75)>0, 1, "") | AL75: =IF(SUM(AM75:AR75)>0, 1, "") | AS75: =IF(SUM(AT75:AY75)>0, 1, "") | AZ75: =IF(SUM(BA75:BF75)>0, 1, "") | BG75: =IF(SUM(BH75:BM75)>0, 1, "")
A76: BOBEST071100H | B76: Auto's | C76: =IF(SUM(D76:I76)>0, 1, "") -> 1 | G76: 1 | J76: =IF(SUM(K76:P76)>0, 1, "") -> 1 | N76: 1 | Q76: =IF(SUM(R76:W76)>0, 1, "") -> 1 | U76: 1 | X76: =IF(SUM(Y76:AD76)>0, 1, "") -> 1 | AB76: 1 | AE76: =IF(SUM(AF76:AK76)>0, 1, "") -> 1 | AI76: 1 | AL76: =IF(SUM(AM76:AR76)>0, 1, "") -> 1 | AP76: 1 | AS76: =IF(SUM(AT76:AY76)>0, 1, "") -> 1 | AW76: 1 | AZ76: =IF(SUM(BA76:BF76)>0, 1, "") -> 1 | BD76: 1 | BG76: =IF(SUM(BH76:BM76)>0, 1, "") -> 1 | BK76: 1
A77: BOBEST071200H | B77: Motoren, brom- en elektrische fietsen | C77: =IF(SUM(D77:I77)>0, 1, "") -> 1 | F77: 1 | J77: =IF(SUM(K77:P77)>0, 1, "") -> 1 | M77: 1 | Q77: =IF(SUM(R77:W77)>0, 1, "") -> 1 | T77: 1 | X77: =IF(SUM(Y77:AD77)>0, 1, "") -> 1 | AA77: 1 | AE77: =IF(SUM(AF77:AK77)>0, 1, "") -> 1 | AH77: 1 | AL77: =IF(SUM(AM77:AR77)>0, 1, "") -> 1 | AO77: 1 | AS77: =IF(SUM(AT77:AY77)>0, 1, "") -> 1 | AV77: 1 | AZ77: =IF(SUM(BA77:BF77)>0, 1, "") -> 1 | BC77: 1 | BG77: =IF(SUM(BH77:BM77)>0, 1, "") -> 1 | BJ77: 1
A78: BOBEST071300H | B78: Fietsen | C78: =IF(SUM(D78:I78)>0, 1, "") -> 1 | E78: 1 | J78: =IF(SUM(K78:P78)>0, 1, "") -> 1 | L78: 1 | Q78: =IF(SUM(R78:W78)>0, 1, "") -> 1 | S78: 1 | X78: =IF(SUM(Y78:AD78)>0, 1, "") -> 1 | Z78: 1 | AE78: =IF(SUM(AF78:AK78)>0, 1, "") -> 1 | AG78: 1 | AL78: =IF(SUM(AM78:AR78)>0, 1, "") -> 1 | AN78: 1 | AS78: =IF(SUM(AT78:AY78)>0, 1, "") -> 1 | AU78: 1 | AZ78: =IF(SUM(BA78:BF78)>0, 1, "") -> 1 | BB78: 1 | BG78: =IF(SUM(BH78:BM78)>0, 1, "") -> 1 | BI78: 1
A79: BOBEST071400H | B79: Door dieren getrokken voertuigen | C79: =IF(SUM(D79:I79)>0, 1, "") | J79: =IF(SUM(K79:P79)>0, 1, "") | Q79: =IF(SUM(R79:W79)>0, 1, "") | X79: =IF(SUM(Y79:AD79)>0, 1, "") | AE79: =IF(SUM(AF79:AK79)>0, 1, "") | AL79: =IF(SUM(AM79:AR79)>0, 1, "") | AS79: =IF(SUM(AT79:AY79)>0, 1, "") | AZ79: =IF(SUM(BA79:BF79)>0, 1, "") | BG79: =IF(SUM(BH79:BM79)>0, 1, "")
A80: BOBEST072100H | B80: Benodigdheden privé-voertuigen | C80: =IF(SUM(D80:I80)>0, 1, "") -> 1 | F80: 1 | G80: 1 | H80: 1 | J80: =IF(SUM(K80:P80)>0, 1, "") -> 1 | M80: 1 | N80: 1 | O80: 1 | Q80: =IF(SUM(R80:W80)>0, 1, "") -> 1 | T80: 1 | U80: 1 | V80: 1 | X80: =IF(SUM(Y80:AD80)>0, 1, "") -> 1 | AA80: 1 | AB80: 1 | AC80: 1 | AE80: =IF(SUM(AF80:AK80)>0, 1, "") -> 1 | AH80: 1 | AI80: 1 | AJ80: 1 | AL80: =IF(SUM(AM80:AR80)>0, 1, "") -> 1 | AO80: 1 | AP80: 1 | AQ80: 1 | AS80: =IF(SUM(AT80:AY80)>0, 1, "") -> 1 | AV80: 1 | AW80: 1 | AX80: 1 | AZ80: =IF(SUM(BA80:BF80)>0, 1, "") -> 1 | BC80: 1 | BD80: 1 | BE80: 1 | BG80: =IF(SUM(BH80:BM80)>0, 1, "") -> 1 | BJ80: 1 | BK80: 1 | BL80: 1
A81: BOBEST072200H | B81: Brandstoffen en smeermiddelen | C81: =IF(SUM(D81:I81)>0, 1, "") -> 1 | F81: 1 | G81: 1 | H81: 1 | J81: =IF(SUM(K81:P81)>0, 1, "") -> 1 | M81: 1 | N81: 1 | O81: 1 | Q81: =IF(SUM(R81:W81)>0, 1, "") -> 1 | T81: 1 | U81: 1 | V81: 1 | X81: =IF(SUM(Y81:AD81)>0, 1, "") -> 1 | AA81: 1 | AB81: 1 | AC81: 1 | AE81: =IF(SUM(AF81:AK81)>0, 1, "") -> 1 | AH81: 1 | AI81: 1 | AJ81: 1 | AL81: =IF(SUM(AM81:AR81)>0, 1, "") -> 1 | AO81: 1 | AP81: 1 | AQ81: 1 | AS81: =IF(SUM(AT81:AY81)>0, 1, "") -> 1 | AV81: 1 | AW81: 1 | AX81: 1 | AZ81: =IF(SUM(BA81:BF81)>0, 1, "") -> 1 | BC81: 1 | BD81: 1 | BE81: 1 | BG81: =IF(SUM(BH81:BM81)>0, 1, "") -> 1 | BJ81: 1 | BK81: 1 | BL81: 1
A82: BOBEST072300H | B82: Onderhoud en reparatie privé-voertuigen | C82: =IF(SUM(D82:I82)>0, 1, "") | J82: =IF(SUM(K82:P82)>0, 1, "") | Q82: =IF(SUM(R82:W82)>0, 1, "") | X82: =IF(SUM(Y82:AD82)>0, 1, "") | AE82: =IF(SUM(AF82:AK82)>0, 1, "") | AL82: =IF(SUM(AM82:AR82)>0, 1, "") | AS82: =IF(SUM(AT82:AY82)>0, 1, "") | AZ82: =IF(SUM(BA82:BF82)>0, 1, "") | BG82: =IF(SUM(BH82:BM82)>0, 1, "")
A83: BOBEST072400H | B83: Overige diensten privé-voertuigen | C83: =IF(SUM(D83:I83)>0, 1, "") | J83: =IF(SUM(K83:P83)>0, 1, "") | Q83: =IF(SUM(R83:W83)>0, 1, "") | X83: =IF(SUM(Y83:AD83)>0, 1, "") | AE83: =IF(SUM(AF83:AK83)>0, 1, "") | AL83: =IF(SUM(AM83:AR83)>0, 1, "") | AS83: =IF(SUM(AT83:AY83)>0, 1, "") | AZ83: =IF(SUM(BA83:BF83)>0, 1, "") | BG83: =IF(SUM(BH83:BM83)>0, 1, "")
A84: BOBEST073100H | B84: Personenvervoer per spoor | C84: =IF(SUM(D84:I84)>0, 1, "") -> 1 | I84: 1 | J84: =IF(SUM(K84:P84)>0, 1, "") -> 1 | P84: 1 | Q84: =IF(SUM(R84:W84)>0, 1, "") -> 1 | W84: 1 | X84: =IF(SUM(Y84:AD84)>0, 1, "") -> 1 | AD84: 1 | AE84: =IF(SUM(AF84:AK84)>0, 1, "") -> 1 | AK84: 1 | AL84: =IF(SUM(AM84:AR84)>0, 1, "") -> 1 | AR84: 1 | AS84: =IF(SUM(AT84:AY84)>0, 1, "") -> 1 | AY84: 1 | AZ84: =IF(SUM(BA84:BF84)>0, 1, "") -> 1 | BF84: 1 | BG84: =IF(SUM(BH84:BM84)>0, 1, "") -> 1 | BM84: 1
A85: BOBEST073200H | B85: Personenvervoer over de weg | C85: =IF(SUM(D85:I85)>0, 1, "") -> 1 | I85: 1 | J85: =IF(SUM(K85:P85)>0, 1, "") -> 1 | P85: 1 | Q85: =IF(SUM(R85:W85)>0, 1, "") -> 1 | W85: 1 | X85: =IF(SUM(Y85:AD85)>0, 1, "") -> 1 | AD85: 1 | AE85: =IF(SUM(AF85:AK85)>0, 1, "") -> 1 | AK85: 1 | AL85: =IF(SUM(AM85:AR85)>0, 1, "") -> 1 | AR85: 1 | AS85: =IF(SUM(AT85:AY85)>0, 1, "") -> 1 | AY85: 1 | AZ85: =IF(SUM(BA85:BF85)>0, 1, "") -> 1 | BF85: 1 | BG85: =IF(SUM(BH85:BM85)>0, 1, "") -> 1 | BM85: 1
A86: BOBEST073300H | B86: Personenvervoer door de lucht | C86: =IF(SUM(D86:I86)>0, 1, "") -> 1 | I86: 1 | J86: =IF(SUM(K86:P86)>0, 1, "") -> 1 | P86: 1 | Q86: =IF(SUM(R86:W86)>0, 1, "") -> 1 | W86: 1 | X86: =IF(SUM(Y86:AD86)>0, 1, "") -> 1 | AD86: 1 | AE86: =IF(SUM(AF86:AK86)>0, 1, "") -> 1 | AK86: 1 | AL86: =IF(SUM(AM86:AR86)>0, 1, "") -> 1 | AR86: 1 | AS86: =IF(SUM(AT86:AY86)>0, 1, "") -> 1 | AY86: 1 | AZ86: =IF(SUM(BA86:BF86)>0, 1, "") -> 1 | BF86: 1 | BG86: =IF(SUM(BH86:BM86)>0, 1, "") -> 1 | BM86: 1
A87: BOBEST073400H | B87: Personenvervoer over water | C87: =IF(SUM(D87:I87)>0, 1, "") -> 1 | I87: 1 | J87: =IF(SUM(K87:P87)>0, 1, "") -> 1 | P87: 1 | Q87: =IF(SUM(R87:W87)>0, 1, "") -> 1 | W87: 1 | X87: =IF(SUM(Y87:AD87)>0, 1, "") -> 1 | AD87: 1 | AE87: =IF(SUM(AF87:AK87)>0, 1, "") -> 1 | AK87: 1 | AL87: =IF(SUM(AM87:AR87)>0, 1, "") -> 1 | AR87: 1 | AS87: =IF(SUM(AT87:AY87)>0, 1, "") -> 1 | AY87: 1 | AZ87: =IF(SUM(BA87:BF87)>0, 1, "") -> 1 | BF87: 1 | BG87: =IF(SUM(BH87:BM87)>0, 1, "") -> 1 | BM87: 1
A88: BOBEST073500H | B88: Gecombineerd personenvervoer | C88: =IF(SUM(D88:I88)>0, 1, "") -> 1 | I88: 1 | J88: =IF(SUM(K88:P88)>0, 1, "") -> 1 | P88: 1 | Q88: =IF(SUM(R88:W88)>0, 1, "") -> 1 | W88: 1 | X88: =IF(SUM(Y88:AD88)>0, 1, "") -> 1 | AD88: 1 | AE88: =IF(SUM(AF88:AK88)>0, 1, "") -> 1 | AK88: 1 | AL88: =IF(SUM(AM88:AR88)>0, 1, "") -> 1 | AR88: 1 | AS88: =IF(SUM(AT88:AY88)>0, 1, "") -> 1 | AY88: 1 | AZ88: =IF(SUM(BA88:BF88)>0, 1, "") -> 1 | BF88: 1 | BG88: =IF(SUM(BH88:BM88)>0, 1, "") -> 1 | BM88: 1
A89: BOBEST073600H | B89: Overige aankopen van vervoersdiensten | C89: =IF(SUM(D89:I89)>0, 1, "") -> 1 | I89: 1 | J89: =IF(SUM(K89:P89)>0, 1, "") -> 1 | P89: 1 | Q89: =IF(SUM(R89:W89)>0, 1, "") -> 1 | W89: 1 | X89: =IF(SUM(Y89:AD89)>0, 1, "") -> 1 | AD89: 1 | AE89: =IF(SUM(AF89:AK89)>0, 1, "") -> 1 | AK89: 1 | AL89: =IF(SUM(AM89:AR89)>0, 1, "") -> 1 | AR89: 1 | AS89: =IF(SUM(AT89:AY89)>0, 1, "") -> 1 | AY89: 1 | AZ89: =IF(SUM(BA89:BF89)>0, 1, "") -> 1 | BF89: 1 | BG89: =IF(SUM(BH89:BM89)>0, 1, "") -> 1 | BM89: 1
A90: BOBEST081000H | B90: Post- en pakketdiensten | C90: =IF(SUM(D90:I90)>0, 1, "") | J90: =IF(SUM(K90:P90)>0, 1, "") | Q90: =IF(SUM(R90:W90)>0, 1, "") | X90: =IF(SUM(Y90:AD90)>0, 1, "") | AE90: =IF(SUM(AF90:AK90)>0, 1, "") | AL90: =IF(SUM(AM90:AR90)>0, 1, "") | AS90: =IF(SUM(AT90:AY90)>0, 1, "") | AZ90: =IF(SUM(BA90:BF90)>0, 1, "") | BG90: =IF(SUM(BH90:BM90)>0, 1, "")
A91: BOBEST082010H | B91: Vaste telefoontoestellen | C91: =IF(SUM(D91:I91)>0, 1, "") | J91: =IF(SUM(K91:P91)>0, 1, "") | Q91: =IF(SUM(R91:W91)>0, 1, "") | X91: =IF(SUM(Y91:AD91)>0, 1, "") | AE91: =IF(SUM(AF91:AK91)>0, 1, "") | AL91: =IF(SUM(AM91:AR91)>0, 1, "") | AS91: =IF(SUM(AT91:AY91)>0, 1, "") | AZ91: =IF(SUM(BA91:BF91)>0, 1, "") | BG91: =IF(SUM(BH91:BM91)>0, 1, "")
A92: BOBEST082020H | B92: Mobiele telefoons | C92: =IF(SUM(D92:I92)>0, 1, "") | J92: =IF(SUM(K92:P92)>0, 1, "") | Q92: =IF(SUM(R92:W92)>0, 1, "") | X92: =IF(SUM(Y92:AD92)>0, 1, "") | AE92: =IF(SUM(AF92:AK92)>0, 1, "") | AL92: =IF(SUM(AM92:AR92)>0, 1, "") | AS92: =IF(SUM(AT92:AY92)>0, 1, "") | AZ92: =IF(SUM(BA92:BF92)>0, 1, "") | BG92: =IF(SUM(BH92:BM92)>0, 1, "")
A93: BOBEST082030H | B93: Overige telefoonapparatuur | C93: =IF(SUM(D93:I93)>0, 1, "") | J93: =IF(SUM(K93:P93)>0, 1, "") | Q93: =IF(SUM(R93:W93)>0, 1, "") | X93: =IF(SUM(Y93:AD93)>0, 1, "") | AE93: =IF(SUM(AF93:AK93)>0, 1, "") | AL93: =IF(SUM(AM93:AR93)>0, 1, "") | AS93: =IF(SUM(AT93:AY93)>0, 1, "") | AZ93: =IF(SUM(BA93:BF93)>0, 1, "") | BG93: =IF(SUM(BH93:BM93)>0, 1, "")
A94: BOBEST083010H | B94: Vaste telefoondiensten | C94: =IF(SUM(D94:I94)>0, 1, "") | J94: =IF(SUM(K94:P94)>0, 1, "") | Q94: =IF(SUM(R94:W94)>0, 1, "") | X94: =IF(SUM(Y94:AD94)>0, 1, "") | AE94: =IF(SUM(AF94:AK94)>0, 1, "") | AL94: =IF(SUM(AM94:AR94)>0, 1, "") | AS94: =IF(SUM(AT94:AY94)>0, 1, "") | AZ94: =IF(SUM(BA94:BF94)>0, 1, "") | BG94: =IF(SUM(BH94:BM94)>0, 1, "")
A95: BOBEST083020H | B95: Mobiele telefoondiensten | C95: =IF(SUM(D95:I95)>0, 1, "") | J95: =IF(SUM(K95:P95)>0, 1, "") | Q95: =IF(SUM(R95:W95)>0, 1, "") | X95: =IF(SUM(Y95:AD95)>0, 1, "") | AE95: =IF(SUM(AF95:AK95)>0, 1, "") | AL95: =IF(SUM(AM95:AR95)>0, 1, "") | AS95: =IF(SUM(AT95:AY95)>0, 1, "") | AZ95: =IF(SUM(BA95:BF95)>0, 1, "") | BG95: =IF(SUM(BH95:BM95)>0, 1, "")
A96: BOBEST083030H | B96: Verlenen van toegang tot internet | C96: =IF(SUM(D96:I96)>0, 1, "") | J96: =IF(SUM(K96:P96)>0, 1, "") | Q96: =IF(SUM(R96:W96)>0, 1, "") | X96: =IF(SUM(Y96:AD96)>0, 1, "") | AE96: =IF(SUM(AF96:AK96)>0, 1, "") | AL96: =IF(SUM(AM96:AR96)>0, 1, "") | AS96: =IF(SUM(AT96:AY96)>0, 1, "") | AZ96: =IF(SUM(BA96:BF96)>0, 1, "") | BG96: =IF(SUM(BH96:BM96)>0, 1, "")
A97: BOBEST083040H | B97: Gebundelde communicatiediensten | C97: =IF(SUM(D97:I97)>0, 1, "") | J97: =IF(SUM(K97:P97)>0, 1, "") | Q97: =IF(SUM(R97:W97)>0, 1, "") | X97: =IF(SUM(Y97:AD97)>0, 1, "") | AE97: =IF(SUM(AF97:AK97)>0, 1, "") | AL97: =IF(SUM(AM97:AR97)>0, 1, "") | AS97: =IF(SUM(AT97:AY97)>0, 1, "") | AZ97: =IF(SUM(BA97:BF97)>0, 1, "") | BG97: =IF(SUM(BH97:BM97)>0, 1, "")
A98: BOBEST083050H | B98: Overige diensten voor de transmissie van informatie | C98: =IF(SUM(D98:I98)>0, 1, "") | J98: =IF(SUM(K98:P98)>0, 1, "") | Q98: =IF(SUM(R98:W98)>0, 1, "") | X98: =IF(SUM(Y98:AD98)>0, 1, "") | AE98: =IF(SUM(AF98:AK98)>0, 1, "") | AL98: =IF(SUM(AM98:AR98)>0, 1, "") | AS98: =IF(SUM(AT98:AY98)>0, 1, "") | AZ98: =IF(SUM(BA98:BF98)>0, 1, "") | BG98: =IF(SUM(BH98:BM98)>0, 1, "")
A99: BOBEST091100H | B99: TV, audio- en video-apparatuur | C99: =IF(SUM(D99:I99)>0, 1, "") | J99: =IF(SUM(K99:P99)>0, 1, "") | Q99: =IF(SUM(R99:W99)>0, 1, "") | X99: =IF(SUM(Y99:AD99)>0, 1, "") | AE99: =IF(SUM(AF99:AK99)>0, 1, "") | AL99: =IF(SUM(AM99:AR99)>0, 1, "") | AS99: =IF(SUM(AT99:AY99)>0, 1, "") | AZ99: =IF(SUM(BA99:BF99)>0, 1, "") | BG99: =IF(SUM(BH99:BM99)>0, 1, "")
A100: BOBEST091200H | B100: Foto-, film- en optische apparatuur | C100: =IF(SUM(D100:I100)>0, 1, "") | J100: =IF(SUM(K100:P100)>0, 1, "") | Q100: =IF(SUM(R100:W100)>0, 1, "") | X100: =IF(SUM(Y100:AD100)>0, 1, "") | AE100: =IF(SUM(AF100:AK100)>0, 1, "") | AL100: =IF(SUM(AM100:AR100)>0, 1, "") | AS100: =IF(SUM(AT100:AY100)>0, 1, "") | AZ100: =IF(SUM(BA100:BF100)>0, 1, "") | BG100: =IF(SUM(BH100:BM100)>0, 1, "")
A101: BOBEST091300H | B101: Gegevensverwerkende apparatuur | C101: =IF(SUM(D101:I101)>0, 1, "") | J101: =IF(SUM(K101:P101)>0, 1, "") | Q101: =IF(SUM(R101:W101)>0, 1, "") | X101: =IF(SUM(Y101:AD101)>0, 1, "") | AE101: =IF(SUM(AF101:AK101)>0, 1, "") | AL101: =IF(SUM(AM101:AR101)>0, 1, "") | AS101: =IF(SUM(AT101:AY101)>0, 1, "") | AZ101: =IF(SUM(BA101:BF101)>0, 1, "") | BG101: =IF(SUM(BH101:BM101)>0, 1, "")
... A144: BOBEST125300H | B144: Verzekeringen in verband met ziekte | C144: =IF(SUM(D144:I144)>0, 1, "") | J144: =IF(SUM(K144:P144)>0, 1, "") | Q144: =IF(SUM(R144:W144)>0, 1, "") | X144: =IF(SUM(Y144:AD144)>0, 1, "") | AE144: =IF(SUM(AF144:AK144)>0, 1, "") | AL144: =IF(SUM(AM144:AR144)>0, 1, "") | AS144: =IF(SUM(AT144:AY144)>0, 1, "") | AZ144: =IF(SUM(BA144:BF144)>0, 1, "") | BG144: =IF(SUM(BH144:BM144)>0, 1, "")
A145: BOBEST125400H | B145: Verzekeringen in verband met vervoer | C145: =IF(SUM(D145:I145)>0, 1, "") -> 1 | E145: 1 | F145: 1 | G145: 1 | H145: 1 | J145: =IF(SUM(K145:P145)>0, 1, "") -> 1 | L145: 1 | M145: 1 | N145: 1 | O145: 1 | Q145: =IF(SUM(R145:W145)>0, 1, "") -> 1 | S145: 1 | T145: 1 | U145: 1 | V145: 1 | X145: =IF(SUM(Y145:AD145)>0, 1, "") -> 1 | Z145: 1 | AA145: 1 | AB145: 1 | AC145: 1 | AE145: =IF(SUM(AF145:AK145)>0, 1, "") -> 1 | AG145: 1 | AH145: 1 | AI145: 1 | AJ145: 1 | AL145: =IF(SUM(AM145:AR145)>0, 1, "") -> 1 | AN145: 1 | AO145: 1 | AP145: 1 | AQ145: 1 | AS145: =IF(SUM(AT145:AY145)>0, 1, "") -> 1 | AU145: 1 | AV145: 1 | AW145: 1 | AX145: 1 | AZ145: =IF(SUM(BA145:BF145)>0, 1, "") -> 1 | BB145: 1 | BC145: 1 | BD145: 1 | BE145: 1 | BG145: =IF(SUM(BH145:BM145)>0, 1, "") -> 1 | BI145: 1 | BJ145: 1 | BK145: 1 | BL145: 1
A146: BOBEST125500H | B146: Overige verzekeringen | C146: =IF(SUM(D146:I146)>0, 1, "") | J146: =IF(SUM(K146:P146)>0, 1, "") | Q146: =IF(SUM(R146:W146)>0, 1, "") | X146: =IF(SUM(Y146:AD146)>0, 1, "") | AE146: =IF(SUM(AF146:AK146)>0, 1, "") | AL146: =IF(SUM(AM146:AR146)>0, 1, "") | AS146: =IF(SUM(AT146:AY146)>0, 1, "") | AZ146: =IF(SUM(BA146:BF146)>0, 1, "") | BG146: =IF(SUM(BH146:BM146)>0, 1, "")
A147: BOBEST126100H | B147: Indirect gemeten diensten van financiële intermediairs | C147: =IF(SUM(D147:I147)>0, 1, "") | J147: =IF(SUM(K147:P147)>0, 1, "") | Q147: =IF(SUM(R147:W147)>0, 1, "") | X147: =IF(SUM(Y147:AD147)>0, 1, "") | AE147: =IF(SUM(AF147:AK147)>0, 1, "") | AL147: =IF(SUM(AM147:AR147)>0, 1, "") | AS147: =IF(SUM(AT147:AY147)>0, 1, "") | AZ147: =IF(SUM(BA147:BF147)>0, 1, "") | BG147: =IF(SUM(BH147:BM147)>0, 1, "")
A148: BOBEST126200H | B148: Overige financiële diensten | C148: =IF(SUM(D148:I148)>0, 1, "") | J148: =IF(SUM(K148:P148)>0, 1, "") | Q148: =IF(SUM(R148:W148)>0, 1, "") | X148: =IF(SUM(Y148:AD148)>0, 1, "") | AE148: =IF(SUM(AF148:AK148)>0, 1, "") | AL148: =IF(SUM(AM148:AR148)>0, 1, "") | AS148: =IF(SUM(AT148:AY148)>0, 1, "") | AZ148: =IF(SUM(BA148:BF148)>0, 1, "") | BG148: =IF(SUM(BH148:BM148)>0, 1, "")
A149: BOBEST127010H | B149: Administratieve kosten | C149: =IF(SUM(D149:I149)>0, 1, "") | J149: =IF(SUM(K149:P149)>0, 1, "") | Q149: =IF(SUM(R149:W149)>0, 1, "") | X149: =IF(SUM(Y149:AD149)>0, 1, "") | AE149: =IF(SUM(AF149:AK149)>0, 1, "") | AL149: =IF(SUM(AM149:AR149)>0, 1, "") | AS149: =IF(SUM(AT149:AY149)>0, 1, "") | AZ149: =IF(SUM(BA149:BF149)>0, 1, "") | BG149: =IF(SUM(BH149:BM149)>0, 1, "")
A150: BOBEST127020H | B150: Juridische diensten en accountancy | C150: =IF(SUM(D150:I150)>0, 1, "") | J150: =IF(SUM(K150:P150)>0, 1, "") | Q150: =IF(SUM(R150:W150)>0, 1, "") | X150: =IF(SUM(Y150:AD150)>0, 1, "") | AE150: =IF(SUM(AF150:AK150)>0, 1, "") | AL150: =IF(SUM(AM150:AR150)>0, 1, "") | AS150: =IF(SUM(AT150:AY150)>0, 1, "") | AZ150: =IF(SUM(BA150:BF150)>0, 1, "") | BG150: =IF(SUM(BH150:BM150)>0, 1, "")
A151: BOBEST127030H | B151: Diensten in verband met uitvaart | C151: =IF(SUM(D151:I151)>0, 1, "") | J151: =IF(SUM(K151:P151)>0, 1, "") | Q151: =IF(SUM(R151:W151)>0, 1, "") | X151: =IF(SUM(Y151:AD151)>0, 1, "") | AE151: =IF(SUM(AF151:AK151)>0, 1, "") | AL151: =IF(SUM(AM151:AR151)>0, 1, "") | AS151: =IF(SUM(AT151:AY151)>0, 1, "") | AZ151: =IF(SUM(BA151:BF151)>0, 1, "") | BG151: =IF(SUM(BH151:BM151)>0, 1, "")
A152: BOBEST127040H | B152: Overige betalingen en diensten | C152: =IF(SUM(D152:I152)>0, 1, "") | J152: =IF(SUM(K152:P152)>0, 1, "") | Q152: =IF(SUM(R152:W152)>0, 1, "") | X152: =IF(SUM(Y152:AD152)>0, 1, "") | AE152: =IF(SUM(AF152:AK152)>0, 1, "") | AL152: =IF(SUM(AM152:AR152)>0, 1, "") | AS152: =IF(SUM(AT152:AY152)>0, 1, "") | AZ152: =IF(SUM(BA152:BF152)>0, 1, "") | BG152: =IF(SUM(BH152:BM152)>0, 1, "")
A153: BOBEST131000H | B153: Zuiveringsheffing | C153: =IF(SUM(D153:I153)>0, 1, "") | J153: =IF(SUM(K153:P153)>0, 1, "") | Q153: =IF(SUM(R153:W153)>0, 1, "") | X153: =IF(SUM(Y153:AD153)>0, 1, "") | AE153: =IF(SUM(AF153:AK153)>0, 1, "") | AL153: =IF(SUM(AM153:AR153)>0, 1, "") | AS153: =IF(SUM(AT153:AY153)>0, 1, "") | AZ153: =IF(SUM(BA153:BF153)>0, 1, "") | BG153: =IF(SUM(BH153:BM153)>0, 1, "")
A154: BOBEST132000H | B154: Motorrijtuigenbelasting | C154: =IF(SUM(D154:I154)>0, 1, "") -> 1 | F154: 1 | G154: 1 | J154: =IF(SUM(K154:P154)>0, 1, "") -> 1 | M154: 1 | N154: 1 | Q154: =IF(SUM(R154:W154)>0, 1, "") -> 1 | T154: 1 | U154: 1 | X154: =IF(SUM(Y154:AD154)>0, 1, "") -> 1 | AA154: 1 | AB154: 1 | AE154: =IF(SUM(AF154:AK154)>0, 1, "") -> 1 | AH154: 1 | AI154: 1 | AL154: =IF(SUM(AM154:AR154)>0, 1, "") -> 1 | AO154: 1 | AP154: 1 | AS154: =IF(SUM(AT154:AY154)>0, 1, "") -> 1 | AV154: 1 | AW154: 1 | AZ154: =IF(SUM(BA154:BF154)>0, 1, "") -> 1 | BC154: 1 | BD154: 1 | BG154: =IF(SUM(BH154:BM154)>0, 1, "") -> 1 | BJ154: 1 | BK154: 1
A155: BOBEST133000H | B155: Hondenbelasting | C155: =IF(SUM(D155:I155)>0, 1, "") | J155: =IF(SUM(K155:P155)>0, 1, "") | Q155: =IF(SUM(R155:W155)>0, 1, "") | X155: =IF(SUM(Y155:AD155)>0, 1, "") | AE155: =IF(SUM(AF155:AK155)>0, 1, "") | AL155: =IF(SUM(AM155:AR155)>0, 1, "") | AS155: =IF(SUM(AT155:AY155)>0, 1, "") | AZ155: =IF(SUM(BA155:BF155)>0, 1, "") | BG155: =IF(SUM(BH155:BM155)>0, 1, "")
A156: BOBEST150010H | B156: Eenmalige collectes en donaties | C156: =IF(SUM(D156:I156)>0, 1, "") | J156: =IF(SUM(K156:P156)>0, 1, "") | Q156: =IF(SUM(R156:W156)>0, 1, "") | X156: =IF(SUM(Y156:AD156)>0, 1, "") | AE156: =IF(SUM(AF156:AK156)>0, 1, "") | AL156: =IF(SUM(AM156:AR156)>0, 1, "") | AS156: =IF(SUM(AT156:AY156)>0, 1, "") | AZ156: =IF(SUM(BA156:BF156)>0, 1, "") | BG156: =IF(SUM(BH156:BM156)>0, 1, "")
A157: BOBEST150020H | B157: Periodieke donaties | C157: =IF(SUM(D157:I157)>0, 1, "") | J157: =IF(SUM(K157:P157)>0, 1, "") | Q157: =IF(SUM(R157:W157)>0, 1, "") | X157: =IF(SUM(Y157:AD157)>0, 1, "") | AE157: =IF(SUM(AF157:AK157)>0, 1, "") | AL157: =IF(SUM(AM157:AR157)>0, 1, "") | AS157: =IF(SUM(AT157:AY157)>0, 1, "") | AZ157: =IF(SUM(BA157:BF157)>0, 1, "") | BG157: =IF(SUM(BH157:BM157)>0, 1, "")
A158: BOBEST300000H | B158: Uitgaven aan groot onderhoud | C158: =IF(SUM(D158:I158)>0, 1, "") | J158: =IF(SUM(K158:P158)>0, 1, "") | Q158: =IF(SUM(R158:W158)>0, 1, "") | X158: =IF(SUM(Y158:AD158)>0, 1, "") | AE158: =IF(SUM(AF158:AK158)>0, 1, "") | AL158: =IF(SUM(AM158:AR158)>0, 1, "") | AS158: =IF(SUM(AT158:AY158)>0, 1, "") | AZ158: =IF(SUM(BA158:BF158)>0, 1, "") | BG158: =IF(SUM(BH158:BM158)>0, 1, "")

Sheet mapping_intercept
A1: Variable | C1: Intercept
A3: BOBEST011100H | B3: Brood en granen
A4: BOBEST011110H | B4: Rijst
A5: BOBEST011170H | B5: Ontbijtgranen
A6: BOBEST011200H | B6: Vlees
A7: BOBEST011210H | B7: Rund- en kalfsvlees
A8: BOBEST011220H | B8: Varkensvlees
A9: BOBEST011240H | B9: Pluimveevlees
A10: BOBEST011300H | B10: Vis en schaal- en schelpdieren
A11: BOBEST011400H | B11: Melk, kaas en eieren
A12: BOBEST011410H | B12: Verse volle melk
A13: BOBEST011420H | B13: Verse halfvolle en magere melk
A14: BOBEST011430H | B14: Houdbare melk
... A158: BOBEST300000H | B158: Uitgaven aan groot onderhoud

Sheet emissions
A1: variable | B1: emissions
A2: BOBEST011100H
A3: BOBEST011110H
A4: BOBEST011170H
A5: BOBEST011200H
A6: BOBEST011210H
A7: BOBEST011220H
A8: BOBEST011240H
A9: BOBEST011300H
A10: BOBEST011400H
A11: BOBEST011410H
A12: BOBEST011420H
A13: BOBEST011430H
... A158: total
